Respondent ID,Collector ID,Start Date,End Date,IP Address,Email Address,First Name,Last Name,Custom Data 1,Enter your unique MTurk Worker ID number ,,,,,,,,,,Do you take nutritional supplements?,,"Following up to the previous question, why do or don't you take nutritional supplements? ",What's the most likely avenue for you to learn about nutrition? ,,,,,,Have you heard of Moringa Oleifera? ,,Where do you normally search for your supplements? ,,,,How likely are you to try a supplement if you read about it in the news? ,,,,,,,What do you look for in a nutritional supplement? (check all that apply),,,,,What is your gender?,
,,,,,,,,,Worker ID number,Company,Address,Address 2,City/Town,State/Province,ZIP/Postal Code,Country,Email Address,Phone Number,Yes,No,Open-Ended Response,Word of mouth,Social Media,Searching Online,TV,Online news,Your Doctor,Yes,No,In-store,Online,Word of mouth,I grow my nutrients myself,Very likely,Likely,Somewhat likely,Neither likely nor unlikely,Somewhat unlikely,Unlikely,Very unlikely,Organic certification,Vegan capsule,Dosage,Brand,Price,Female,Male
10809733629,236726203,06/19/2019 11:28:14 PM,06/19/2019 11:30:00 PM,73.12.210.136,,,,,A3J9EHZQ9PERAX,,,,,,,,,,Yes,,Because I want to be healthier and it seems to make me feel more mentally alert.,,,Searching Online,,,,,No,,Online,,,,,,Neither likely nor unlikely,,,,,,Dosage,,Price,Female,
10809572397,236726203,06/19/2019 09:29:13 PM,06/19/2019 09:30:19 PM,71.120.222.197,,,,,A1Z7DOVT6CYAL6,,,,,,,,,,Yes,,I am vegan and certain nutrients are not attainable without supplementation.,,,Searching Online,,,,Yes,,,Online,,,,,,Neither likely nor unlikely,,,,Organic certification,Vegan capsule,,,,Female,
10808625785,236726203,06/19/2019 01:11:55 PM,06/19/2019 02:07:12 PM,73.145.67.40,,,,,A1K2E8ICV5LAJ2,,,,,,,,,,Yes,,"Since I'm busy, it's easier for me to take supplements ",,,,,,Your Doctor,,No,In-store,,,,,,,Neither likely nor unlikely,,,,,,Dosage,,Price,Female,
10808305665,236726203,06/19/2019 12:02:18 PM,06/19/2019 12:04:21 PM,72.223.24.90,,,,,AY1CM9ZI774II,,,,,,,,,,Yes,,I take nutritional supplements because my system had been compromised by depression. ,,,Searching Online,,,,,No,,Online,,,,,,Neither likely nor unlikely,,,,,Vegan capsule,Dosage,,Price,,Male
10807213052,236726203,06/19/2019 04:24:48 AM,06/19/2019 04:26:05 AM,24.225.114.170,,,,,A2YE7NBCK14VAQ,,,,,,,,,,Yes,,i do not eat healthy so i get my vitamins from supplements,,,Searching Online,,,,,No,,Online,,,,,Somewhat likely,,,,,,,Dosage,,Price,,Male
10806951606,236726203,06/19/2019 01:08:04 AM,06/19/2019 01:09:16 AM,173.31.201.186,,,,,A1R8A1ZKR80MRA,,,,,,,,,,,No,I don't want to take anything that might interfere with my cancer meds.,,,Searching Online,,,,,No,,Online,,,,,,,,,Very unlikely,,,Dosage,Brand,Price,Female,
10806671884,236726203,06/18/2019 09:50:02 PM,06/18/2019 09:51:13 PM,108.39.198.21,,,,,A2F0X4LN9N4O4C,,,,,,,,,,,No,I don't think there is any nutritional value in taking supplements.,,,,,,Your Doctor,,No,,Online,,,,,Somewhat likely,,,,,Organic certification,,,,Price,Female,
10799520287,236726203,06/15/2019 05:01:20 AM,06/15/2019 05:02:43 AM,24.198.188.151,,,,,A36H3PO6JZD414,,,,,,,,,,,No,never had the need for them,,,,,,Your Doctor,,No,In-store,,,,,,,,Somewhat unlikely,,,,,,,Price,,Male
10799276402,236726203,06/14/2019 10:47:53 PM,06/14/2019 10:48:56 PM,208.107.149.53,,,,,A6PPB69C6ZJHN,,,,,,,,,,Yes,,I take them because I don't get enough vitamin D.,Word of mouth,,,,,,,No,,,Word of mouth,,,,,Neither likely nor unlikely,,,,,,,,Price,,Male
10799201949,236726203,06/14/2019 09:12:20 PM,06/14/2019 09:15:54 PM,69.125.205.37,,,,,A16MDZ7O8KL9EC,,,,,,,,,,Yes,,I take vitamins and some other supplements to help if there are any deficiencies in my diet.,,,Searching Online,,,,,No,In-store,,,,,,,Neither likely nor unlikely,,,,Organic certification,,Dosage,,Price,,Male
10798621380,236726203,06/14/2019 02:35:22 PM,06/14/2019 02:36:58 PM,70.160.24.177,,,,,A4E1UYPDHE8D8,,,,,,,,,,Yes,,Taking supplements has a positive effect on maintaining my health.,,,Searching Online,,,,,No,In-store,,,,,,,Neither likely nor unlikely,,,,,,Dosage,Brand,Price,,Male
10798350613,236726203,06/14/2019 12:33:20 PM,06/14/2019 12:35:15 PM,172.112.11.14,,,,,AA7LA8WQNABDT,,,,,,,,,,Yes,,I take them because food does not provide all the vitamins and minerals needed by the body.,,,Searching Online,,,,,No,,Online,,,,,Somewhat likely,,,,,Organic certification,,Dosage,,Price,Female,
10798190483,236726203,06/14/2019 11:28:52 AM,06/14/2019 11:30:00 AM,204.195.45.80,,,,,A2UX7ZJEGGU5,,,,,,,,,,,No,I do not think they are necessary if I eat a balanced diet. I also think there is not enough regulation for supplements.,,,Searching Online,,,,,No,,Online,,,,,,,,,Very unlikely,,,,,Price,Female,
10797352342,236726203,06/14/2019 04:06:18 AM,06/14/2019 04:07:41 AM,73.144.46.118,,,,,A1XUZFDVKP95VC,,,,,,,,,,,No,i currently dont have the spare money,,,Searching Online,,,,,No,,Online,,,,,,Neither likely nor unlikely,,,,,,Dosage,Brand,Price,,Male
10797217331,236726203,06/14/2019 02:09:38 AM,06/14/2019 02:11:17 AM,75.89.132.108,,,,,A70L26UXLTGLC,,,,,,,,,,Yes,,I take fiber supplements because I had diverticulitis a few years ago and spent almost a week in the hospital.,,,Searching Online,,,,,No,In-store,,,,,,,Neither likely nor unlikely,,,,,,Dosage,Brand,Price,,Male
10796614045,236726203,06/13/2019 05:54:50 PM,06/13/2019 05:56:15 PM,138.210.94.210,,,,,A3862RIFFUV141,,,,,,,,,,Yes,,I don't take them regularly but occasionally I take them when my stomach is acting up.  It does seem to miidly help my gut health.,,,Searching Online,,,,,No,In-store,,,,,,,Neither likely nor unlikely,,,,,,Dosage,,Price,,Male
10795540454,236726203,06/13/2019 10:53:26 AM,06/13/2019 10:54:44 AM,67.246.76.92,,,,,AOSLTO4W2A476,,,,,,,,,,,No,To expensive for me.,,,Searching Online,,,,,No,,Online,,,,,,Neither likely nor unlikely,,,,Organic certification,,,,Price,,Male
10795412419,236726203,06/13/2019 10:10:02 AM,06/13/2019 10:11:10 AM,137.139.88.14,,,,,AGYZ0GAAUIJZX,,,,,,,,,,Yes,,"To maintain and improve my overall health, appearance, vitality, athletic performance, and sex drive.",,,Searching Online,,,,,No,,Online,,,,,,Neither likely nor unlikely,,,,Organic certification,,Dosage,Brand,Price,,Male
10794415789,236726203,06/12/2019 11:08:06 PM,06/12/2019 11:09:58 PM,99.157.102.8,,,,,AVHZJ2HQJG3NB,,,,,,,,,,Yes,,Because sometimes I need the extra nutrients that food lack.,,,Searching Online,,,,,No,In-store,,,,,,Somewhat likely,,,,,,,,Brand,Price,,Male
10794167295,236726203,06/12/2019 07:55:21 PM,06/12/2019 07:57:33 PM,174.241.130.167,,,,,A26CL8E3XJWH1W,,,,,,,,,,,No,I'm not sure they're affective.,,,Searching Online,,,,,No,,Online,,,,,,,,Unlikely,,,,Dosage,,Price,,Male
10794089723,236726203,06/12/2019 07:03:53 PM,06/12/2019 07:05:14 PM,73.149.110.105,,,,,A1BQBQG2GNY8AY,,,,,,,,,,Yes,,I want to be in optimum health.,,,Searching Online,,,,,No,,Online,,,,,,Neither likely nor unlikely,,,,Organic certification,,,Brand,,Female,
10792955984,236726203,06/12/2019 10:44:45 AM,06/12/2019 10:46:56 AM,173.28.230.222,,,,,A2JZQHB8N6LS7T,,,,,,,,,,Yes,,I take them because my doctor has told me to.,,Social Media,,,,,,No,,Online,,,,Likely,,,,,,,,Dosage,,Price,Female,
10791875632,236726203,06/11/2019 11:10:50 PM,06/11/2019 11:12:49 PM,67.1.119.255,,,,,A2WGW5Y3ZFBDEC,,,,,,,,,,Yes,,"For working out, having more energy, building muscle.",,,Searching Online,,,,,No,,Online,,,,,,Neither likely nor unlikely,,,,,,Dosage,,Price,,Male
10791870969,236726203,06/11/2019 11:08:11 PM,06/11/2019 11:10:03 PM,173.18.14.27,,,,,A1VI3SOIHT6Y0D,,,,,,,,,,Yes,,"To address specific health concerns (inflammation, primarily)",,,Searching Online,,,,,No,,Online,,,,,Somewhat likely,,,,,Organic certification,,Dosage,,,Female,
10791811581,236726203,06/11/2019 10:20:35 PM,06/11/2019 10:21:49 PM,71.81.201.53,,,,,A0533430WOF7V9XR82TB,,,,,,,,,,Yes,,To receive nutrients I am not able to intake due to my diet. ,,,Searching Online,,,,,No,,Online,,,,,Somewhat likely,,,,,,,Dosage,Brand,Price,Female,
10791769937,236726203,06/11/2019 09:47:11 PM,06/11/2019 09:49:56 PM,76.243.100.210,,,,,A1AYWUSULABAXL,,,,,,,,,,Yes,,I take a vitamin at my doctor's recommendation to take in more vitamin D.,,,Searching Online,,,,,No,In-store,,,,,,,,,,Very unlikely,,,,Brand,,Female,
10791718134,236726203,06/11/2019 09:11:57 PM,06/11/2019 09:13:03 PM,108.214.191.161,,,,,A1F991VPHVNIVC,,,,,,,,,,Yes,,I want to live a long and healthy life.,,,Searching Online,,,,,No,,Online,,,,,,,Somewhat unlikely,,,,,Dosage,Brand,Price,,Male
10791568602,236726203,06/11/2019 07:28:59 PM,06/11/2019 07:30:01 PM,67.245.12.9,,,,,A3SKEW89V5S0DI,,,,,,,,,,,No,I don't feel as though I need them. My health is good.,,,Searching Online,,,,,No,,Online,,,,,,,,,Very unlikely,Organic certification,,Dosage,Brand,Price,,Male
10791495261,236726203,06/11/2019 06:43:07 PM,06/11/2019 06:45:48 PM,74.141.215.36,,,,,A3CFNUD7VR2E1E,,,,,,,,,,Yes,,just a daily multivitami,,Social Media,,,,,,No,In-store,,,,,,,Neither likely nor unlikely,,,,,,,Brand,Price,Female,
10791079414,236726203,06/11/2019 03:25:51 PM,06/11/2019 03:26:42 PM,137.52.20.242,,,,,A1IZ4NX41GKU4X,,,,,,,,,,Yes,,I TAKE THEM TO SUPPLEMENT ME NOT EATING BREAKFAST,,,Searching Online,,,,,No,,Online,,,,,,Neither likely nor unlikely,,,,,,,Brand,Price,,Male
10790939952,236726203,06/11/2019 02:30:48 PM,06/11/2019 02:33:22 PM,71.57.209.80,,,,,ABLP1KUWW46S6,,,,,,,,,,Yes,,to help with my diet,Word of mouth,,,,,,Yes,,In-store,,,,,,Somewhat likely,,,,,Organic certification,,,,,Female,
10790918960,236726203,06/11/2019 02:24:31 PM,06/11/2019 02:25:16 PM,198.245.254.124,,,,,A2HHK2B1GUH9GX,,,,,,,,,,Yes,,to help lose weight,,Social Media,,,,,,No,,Online,,,,,Somewhat likely,,,,,,,,,Price,Female,
10790860441,236726203,06/11/2019 02:01:27 PM,06/11/2019 02:02:44 PM,65.191.50.121,,,,,A1Q2C5GJTB09WW,,,,,,,,,,,No,I am tired of taking pills and try to eat the right foods to get the proper nutritents,,,,,,Your Doctor,,No,,Online,,,,,,,Somewhat unlikely,,,Organic certification,,,,Price,Female,
10790412184,236726203,06/11/2019 11:18:39 AM,06/11/2019 11:21:17 AM,99.203.30.55,,,,,A3S0INU046UTYK,,,,,,,,,,Yes,,"I take them for health benefits and extra benefits of nutritional aspects, like antioxidants; flavonols; etc. I believe a lot of things exist out there that many people don't bother incorporating in their diet for health boosts and pain and/or disease prevention/management/etc.",,,Searching Online,,,,,No,,Online,,,Very likely,,,,,,,Organic certification,,Dosage,,Price,,
10790372176,236726203,06/11/2019 11:06:19 AM,06/11/2019 11:08:34 AM,65.60.158.37,,,,,A37QFZ8I1TGH2C,,,,,,,,,,,No,"In the mouth and out the urine - literally, that has been my experience.",,,,,,Your Doctor,Yes,,In-store,,,,,,,,,Unlikely,,Organic certification,Vegan capsule,,Brand,Price,Female,
10790291424,236726203,06/11/2019 10:40:48 AM,06/11/2019 10:41:55 AM,141.126.132.106,,,,,A1ONILGBGJ8Y5K,,,,,,,,,,,No,I've read that they don't do anything for you,,,,,Online news,,,No,,Online,,,,,,,,Unlikely,,,,,,,,Male
10790054347,236726203,06/11/2019 09:15:29 AM,06/11/2019 09:16:43 AM,107.77.205.155,,,,,A2H18EYM79ZRCW,,,,,,,,,,Yes,,to maintain a well balanced vitamin diet ,,Social Media,,,,,Yes,,,,Word of mouth,,,,Somewhat likely,,,,,Organic certification,,Dosage,Brand,Price,Female,
10789957223,236726203,06/11/2019 08:36:19 AM,06/11/2019 08:37:34 AM,172.76.150.160,,,,,A3DS5B06ZCD3E3,,,,,,,,,,Yes,,To cover up for my poor eating habits mostly.,,,Searching Online,,,,,No,In-store,,,,,,,Neither likely nor unlikely,,,,,,Dosage,,Price,,Male
10789872715,236726203,06/11/2019 07:59:40 AM,06/11/2019 08:01:12 AM,174.97.198.32,,,,,A1OQIXAU1SEJ4P,,,,,,,,,,Yes,,I take a vitamin D supplement because my level has got dangerously low before and I want to make sure it's okay.,,,Searching Online,,,,,No,,Online,,,,,,,Somewhat unlikely,,,,,Dosage,Brand,Price,Female,
10789854398,236726203,06/11/2019 07:50:55 AM,06/11/2019 07:52:26 AM,71.69.90.53,,,,,AUZBKS5UI3MXB,,,,,,,,,,,No,I don't think I really need them,,,Searching Online,,,,,No,,Online,,,,,,,,Unlikely,,,,Dosage,Brand,Price,,Male
10789341897,236726203,06/11/2019 01:48:27 AM,06/11/2019 01:49:21 AM,173.169.135.144,,,,,A9WGDBDXUNLOD,,,,,,,,,,,No,"I should, but never to remember to take them when I get them.",,,,,,Your Doctor,,No,In-store,,,,,,Somewhat likely,,,,,,,,Brand,Price,,Male
10789326786,236726203,06/11/2019 01:31:11 AM,06/11/2019 01:32:50 AM,136.179.21.80,,,,,A3169N2SCN3ENK,,,,,,,,,,Yes,,I take them to maintain my health and be proactive about my well-being.,,Social Media,,,,,,No,,Online,,,,Likely,,,,,,,,,Brand,Price,,Male
10789323742,236726203,06/11/2019 01:26:48 AM,06/11/2019 01:30:02 AM,50.39.196.58,,,,,ARJ6SPCZJVARE,,,,,,,,,,Yes,,because i believe you can ingest things that will improve my performance.,,,Searching Online,,,,,No,,Online,,,,,,,Somewhat unlikely,,,,,,,Price,,Male
10789323285,236726203,06/11/2019 01:27:13 AM,06/11/2019 01:28:55 AM,136.32.29.150,,,,,A1G9ZIBMV5PLE2,,,,,,,,,,Yes,,To get what I miss in vitamins daily. ,,,,,,Your Doctor,,No,,Online,,,,,Somewhat likely,,,,,,,Dosage,,Price,Female,
10789282739,236726203,06/11/2019 12:42:28 AM,06/11/2019 12:45:43 AM,99.21.65.32,,,,,A1CHC8M7CWC254,,,,,,,,,,,No,to get sufficient nutrients,,,Searching Online,,,,,No,,Online,,,,,Somewhat likely,,,,,,,,Brand,Price,,Male
10789115825,236726203,06/10/2019 10:11:01 PM,06/10/2019 10:12:23 PM,67.149.225.96,,,,,A2APPZDU0VS9LN,,,,,,,,,,Yes,,I like to make sure I get vitamins,,,Searching Online,,,,,No,In-store,,,,,,,Neither likely nor unlikely,,,,,,,,Price,Female,
10789102835,236726203,06/10/2019 10:00:53 PM,06/10/2019 10:02:23 PM,98.4.167.250,,,,,A1zo0XPK52VETL,,,,,,,,,,,No,I think I need to educate myself more about them.,,,Searching Online,,,,,No,,Online,,,,,,Neither likely nor unlikely,,,,Organic certification,,,Brand,Price,Female,
10789038888,236726203,06/10/2019 09:15:29 PM,06/10/2019 09:16:00 PM,96.32.30.254,,,,,AUK4KGOJP9F0H,,,,,,,,,,Yes,,I take B-12 because I eat a plant based diet.,,,Searching Online,,,,,No,,Online,,,,,,,Somewhat unlikely,,,Organic certification,Vegan capsule,Dosage,Brand,Price,Female,
10788990529,236726203,06/10/2019 08:40:39 PM,06/10/2019 08:42:13 PM,23.125.192.243,,,,,ABQ65VUI4C9RK,,,,,,,,,,Yes,,I take multi vitamins because I know I have poor eating habits and possibly they might help my health some.,,,Searching Online,,,,,No,,Online,,,,,,,Somewhat unlikely,,,Organic certification,,Dosage,Brand,Price,,Male
10788953905,236726203,06/10/2019 08:15:48 PM,06/10/2019 08:16:48 PM,172.90.99.230,,,,,A3B58QWMTBXVE0,,,,,,,,,,Yes,,To make sure I have all nutrients and the best health possible.,,,Searching Online,,,,Yes,,,Online,,,,,,Neither likely nor unlikely,,,,Organic certification,,Dosage,Brand,Price,Female,
10788900107,236726203,06/10/2019 07:39:58 PM,06/10/2019 07:41:36 PM,75.134.114.123,,,,,A366JCV00ETS7V,,,,,,,,,,Yes,,I know that I don't get enough nutrients and vitamins from my diet alone. It makes me feel like I am being healthy,,,Searching Online,,,,,No,,Online,,,,,,Neither likely nor unlikely,,,,,,,Brand,Price,Female,
10788895816,236726203,06/10/2019 07:36:54 PM,06/10/2019 07:38:59 PM,148.74.67.218,,,,,A1V2M2C00I5SWW,,,,,,,,,,,No,"I used to when I was exercising regularly, but since I stopped running I don't feel like I need so much vitamins and protein and supplements.",,,Searching Online,,,,,No,,Online,,,,,Somewhat likely,,,,,,,Dosage,,Price,,Male
10788890399,236726203,06/10/2019 07:34:01 PM,06/10/2019 07:35:35 PM,173.94.144.4,,,,,A10BH9PYCYUKDJ,,,,,,,,,,Yes,,I hope that they improve my daily nutrition. ,,,Searching Online,,,,,No,,Online,,,,,,Neither likely nor unlikely,,,,,,Dosage,,,Female,
10788816951,236726203,06/10/2019 06:46:45 PM,06/10/2019 06:51:53 PM,68.47.84.142,,,,,AS9E0S6DBSWH7,,,,,,,,,,Yes,,I think they can help me get some nutrients that I don't get enough of with my diet.,,,Searching Online,,,,,No,,Online,,,,,,,Somewhat unlikely,,,,,,Brand,Price,,Male
10788748035,236726203,06/10/2019 06:10:24 PM,06/10/2019 06:11:32 PM,35.136.203.110,,,,,A1R0689JPSQ3OF,,,,,,,,,,,No,I don't have the extra money for it.,,,Searching Online,,,,,No,,Online,,,,,,Neither likely nor unlikely,,,,,,,,Price,,Male
10788711879,236726203,06/10/2019 05:51:08 PM,06/10/2019 05:52:01 PM,68.14.181.125,,,,,A1VVEQOIHSSHX0,,,,,,,,,,,No,I don't feel like they are needed.,,,,,Online news,,,No,,Online,,,,,,,,Unlikely,,,,Dosage,,Price,,Male
10788711480,236726203,06/10/2019 05:51:19 PM,06/10/2019 05:51:48 PM,136.33.33.215,,,,,A23JA6ICO4BPQ5,,,,,,,,,,,No,"Don't see the  need, try to eat healthy.",,,Searching Online,,,,,No,,,Word of mouth,,,,,,,,Very unlikely,,,,,,,Male
10788698979,236726203,06/10/2019 05:44:24 PM,06/10/2019 05:45:08 PM,162.250.82.237,,,,,A2M59R65OZRNNX,,,,,,,,,,Yes,,I take them to better my health.,,Social Media,,,,,,No,,,Word of mouth,,,,,Neither likely nor unlikely,,,,,,,,Price,Female,
10788682298,236726203,06/10/2019 05:34:34 PM,06/10/2019 05:36:21 PM,98.148.74.247,,,,,A1KFK92GEFQ9F5,,,,,,,,,,Yes,,it is beneficial to the body to take supplements i like to take protein supplement when i finish exercising  i take it since is healthy for us ,,,Searching Online,,,,,No,,Online,,,,,Somewhat likely,,,,,Organic certification,,,Brand,Price,,Male
10788658756,236726203,06/10/2019 05:12:52 PM,06/10/2019 05:24:53 PM,173.115.79.209,,,,,A1V6CP5I0TOSAR,,,,,,,,,,Yes,,I take them to stay healthy.,,Social Media,,,,,,No,,Online,,,,,,Neither likely nor unlikely,,,,Organic certification,,Dosage,Brand,Price,Female,
10788538239,236726203,06/10/2019 04:28:17 PM,06/10/2019 04:29:43 PM,74.222.103.164,,,,,A2S8ZTPKX3B928,,,,,,,,,,Yes,,poor diet ,,,Searching Online,,,,,No,,Online,,,,,,,,,Very unlikely,,,,,Price,Female,
10788383370,236726203,06/10/2019 03:23:08 PM,06/10/2019 03:24:55 PM,70.126.66.4,,,,,A2KLDW5VRXUJ8S,,,,,,,,,,Yes,,I don't think I get enough balanced nutrition through my food,Word of mouth,,,,,,,No,,Online,,,,Likely,,,,,,Organic certification,,Dosage,Brand,,Female,
10788325203,236726203,06/10/2019 02:58:03 PM,06/10/2019 03:00:59 PM,69.135.14.118,,,,,A32CMQGGTSUK6Z,,,,,,,,,,Yes,,"build muscle, convenience of use",,,Searching Online,,,,,No,,Online,,,,,,Neither likely nor unlikely,,,,,,Dosage,Brand,Price,,Male
10788215909,236726203,06/10/2019 02:14:16 PM,06/10/2019 02:16:32 PM,173.88.8.208,,,,,AVOF14300525D,,,,,,,,,,,No,I don't take them because I feel like I get adequate nutrition from the food that I eat. ,,,,TV,,,,No,In-store,,,,,,,,,,Very unlikely,,,Dosage,Brand,Price,Female,
10788070609,236726203,06/10/2019 01:17:25 PM,06/10/2019 01:18:41 PM,32.208.30.26,,,,,A2DC7EBSBUVUQ,,,,,,,,,,Yes,,Doctors advice,,,Searching Online,,,,,No,,Online,,,,,,,Somewhat unlikely,,,,,,,Price,,Male
10788069328,236726203,06/10/2019 01:16:53 PM,06/10/2019 01:18:10 PM,24.131.146.76,,,,,A3V9JFVZQ2XF4Y,,,,,,,,,,,No,They tend to be more expensive than simply eating healthy food like leafy green vegetables.,Word of mouth,,,,,,,No,,Online,,,,,,,,,Very unlikely,,,,,Price,,Male
10787978327,236726203,06/10/2019 12:41:46 PM,06/10/2019 12:42:21 PM,8.28.180.9,,,,,A3MS21UJPMHLK0,,,,,,,,,,,No,I don't think i need them.,,,Searching Online,,,,,No,,Online,,,,,Somewhat likely,,,,,,Vegan capsule,Dosage,Brand,Price,Female,
10787974895,236726203,06/10/2019 12:39:56 PM,06/10/2019 12:41:03 PM,104.63.94.49,,,,,AHV4U78TUUDKI,,,,,,,,,,Yes,,to supplement my health and to make sure I get all the vitamins and nutrients I need ,,,,,,Your Doctor,,No,In-store,,,,,,Somewhat likely,,,,,,,Dosage,Brand,Price,,Male
10787971905,236726203,06/10/2019 12:38:57 PM,06/10/2019 12:39:50 PM,4.16.169.2,,,,,A257UIPAZR9NTN,,,,,,,,,,Yes,,I believe it helps me be healthier by obtaining enough of my daily recommended vitamins.,,,Searching Online,,,,,No,,Online,,,,,,Neither likely nor unlikely,,,,,,Dosage,,Price,,Male
10787971404,236726203,06/10/2019 12:37:42 PM,06/10/2019 12:39:39 PM,75.134.69.140,,,,,A3RQJM16UBTZKK,,,,,,,,,,Yes,,I take for health reasons,,,Searching Online,,,,Yes,,,Online,,,Very likely,,,,,,,,,Dosage,,Price,,Male
10787943376,236726203,06/10/2019 12:27:10 PM,06/10/2019 12:28:31 PM,24.158.191.7,,,,,A35ARURSRU6UAZ,,,,,,,,,,Yes,,My doctor recommended I do so for a genetic liver/heart problem.,,,,,,Your Doctor,,No,In-store,,,,,,,,,Unlikely,,Organic certification,,Dosage,Brand,Price,Female,
10787898932,236726203,06/10/2019 12:10:49 PM,06/10/2019 12:11:07 PM,76.244.36.128,,,,,A34D4IVRN933FJ,,,,,,,,,,,,,,,,,,,,,,,,,,,,,,,,,,,,,,Male
10787897809,236726203,06/10/2019 12:09:41 PM,06/10/2019 12:10:36 PM,76.244.36.128,,,,,A34D4IVRN933FJ,,,,,,,,,,Yes,,I like to try different supplements to see if they have any effect. If I don't notice anything I stop taking them. ,,,Searching Online,,,,,No,,Online,,,,,Somewhat likely,,,,,,,Dosage,,Price,,Male
10787889265,236726203,06/10/2019 12:06:11 PM,06/10/2019 12:07:18 PM,24.167.164.38,,,,,A219VCQZADQ45W,,,,,,,,,,Yes,,"TO IMPROVE HEALTH, PREVENT DISEASE",,,Searching Online,,,,Yes,,,Online,,,,,,Neither likely nor unlikely,,,,Organic certification,,,,,Female,
10787849428,236726203,06/10/2019 11:51:25 AM,06/10/2019 11:52:35 AM,146.115.18.186,,,,,A3P2LT53J1GUBG,,,,,,,,,,,No,"I do not take supplements because I do not believe they really do anything. I think it is just a big fake industry. I believe in eating healthy, especially lots of vegetables and herbs.",,,Searching Online,,,,,No,,,,I grow my nutrients myself,,,,,,Unlikely,,,,,,Price,,Male
10787846045,236726203,06/10/2019 11:50:34 AM,06/10/2019 11:51:23 AM,47.13.104.62,,,,,A3IH4TNZSWEZWG,,,,,,,,,,Yes,,I take them to stay healthy.,Word of mouth,,,,,,,No,,Online,,,,,,Neither likely nor unlikely,,,,,,,Brand,Price,,Male
10787821060,236726203,06/10/2019 11:41:21 AM,06/10/2019 11:42:27 AM,75.55.154.34,,,,,A22KRF782ELLB0,,,,,,,,,,,No,"I don't feel like I need to take them, and I am also not really certain taking supplements will actually help me that much.",,,Searching Online,,,,,No,,Online,,,,,,,,Unlikely,,,,,,Price,,Male
10787813993,236726203,06/10/2019 11:39:30 AM,06/10/2019 11:39:55 AM,199.116.118.154,,,,,a2h4hydu6ffamq,,,,,,,,,,,No,expensive,,,,,Online news,,,No,,Online,,,,,,Neither likely nor unlikely,,,,,,,,Price,,Male
10787811462,236726203,06/10/2019 11:37:56 AM,06/10/2019 11:39:02 AM,24.91.185.182,,,,,AMWIBULQ4S8K3,,,,,,,,,,Yes,,I take them because I am a vegetarian. I find they are the easiest way to keep up my Iron and Vitamin B levels.,,,Searching Online,,,,,No,In-store,,,,,,,Neither likely nor unlikely,,,,,Vegan capsule,,,Price,,Male
10787801008,236726203,06/10/2019 11:33:56 AM,06/10/2019 11:35:40 AM,24.112.189.233,,,,,A1XHFQKX09Y1RD,,,,,,,,,,,No,I eat well and don't need them.,,,,,,Your Doctor,,No,,Online,,,,,,,Somewhat unlikely,,,,,,,Price,Female,
10787749052,236726203,06/10/2019 11:16:23 AM,06/10/2019 11:17:17 AM,216.166.20.1,,,,,AMX5R6NLYNA2K,,,,,,,,,,Yes,,To make sure I am getting all of the nutrients that I need to be healthy,,,Searching Online,,,,,No,,Online,,,,,,Neither likely nor unlikely,,,,,,Dosage,Brand,Price,,Male
10787743369,236726203,06/10/2019 11:13:52 AM,06/10/2019 11:15:22 AM,104.187.45.183,,,,,AQJWO4YPR3LUQ,,,,,,,,,,Yes,,I take nutritional supplements to aid my diet and what I might be deficient in,,Social Media,,,,,,No,,Online,,,Very likely,,,,,,,,,Dosage,,Price,Female,
10787737857,236726203,06/10/2019 11:12:53 AM,06/10/2019 11:13:32 AM,100.7.58.210,,,,,A3N7R7P9HP2YB6,,,,,,,,,,Yes,,To make sure I get enough vitamin D.,,,Searching Online,,,,,No,,Online,,,,,,,Somewhat unlikely,,,,,Dosage,,Price,,Male
10787687479,236726203,06/10/2019 10:55:06 AM,06/10/2019 10:56:09 AM,100.12.206.157,,,,,AKSJ3C5O3V9RB,,,,,,,,,,Yes,,I take them to enhance cognition,,,Searching Online,,,,,No,,Online,,,,Likely,,,,,,Organic certification,,,Brand,Price,Female,
10787685738,236726203,06/10/2019 10:54:44 AM,06/10/2019 10:55:33 AM,173.244.44.86,,,,,A38DC3BG1ZCVZ2,,,,,,,,,,,No,don't think i needthem,,,,,Online news,,,No,,Online,,,,,,,Somewhat unlikely,,,,,,Brand,Price,Female,
10787684584,236726203,06/10/2019 10:53:26 AM,06/10/2019 10:55:39 AM,68.63.164.6,,,,,A2UO3QJZNC2VOE,,,,,,,,,,,No,I like natural ways,,,Searching Online,,,,,No,,,Word of mouth,,,,,Neither likely nor unlikely,,,,,,,Brand,,,Male
10787682542,236726203,06/10/2019 10:53:34 AM,06/10/2019 10:54:23 AM,108.247.233.242,,,,,A3G3G7SCD88G1J,,,,,,,,,,,No,Dont know what is really beneficial and whats a waste of money,,,Searching Online,,,,,No,,Online,,,,,Somewhat likely,,,,,,,Dosage,,Price,Female,
10787665514,236726203,06/10/2019 10:47:01 AM,06/10/2019 10:48:15 AM,68.111.125.234,,,,,ACCXC5V05C9R9,,,,,,,,,,Yes,,they're helpful,,,Searching Online,,,,Yes,,,Online,,,,,,Neither likely nor unlikely,,,,Organic certification,,Dosage,,Price,Female,
10787664994,236726203,06/10/2019 10:47:18 AM,06/10/2019 10:48:04 AM,73.75.151.81,,,,,ATHS9GUME1XCA,,,,,,,,,,,,dont need them,,Social Media,,,,,,No,,Online,,,,,,,,Unlikely,,,,Dosage,Brand,Price,,Male
10787662031,236726203,06/10/2019 10:46:12 AM,06/10/2019 10:46:57 AM,173.90.75.108,,,,,A2VE5IV9OD2SK1,,,,,,,,,,Yes,,"I am vegetarian, and need the B12 especially. ",,,Searching Online,,,,,No,,Online,,,,Likely,,,,,,Organic certification,Vegan capsule,Dosage,,Price,,Male
10787658296,236726203,06/10/2019 10:45:08 AM,06/10/2019 10:45:37 AM,208.108.81.45,,,,,A1NGXQMOBCXDC3,,,,,,,,,,Yes,,VITAMINS TO STAY HEALTHY,,,,,,Your Doctor,,No,In-store,,,,,,,,Somewhat unlikely,,,,,,,Price,Female,
10787657313,236726203,06/10/2019 10:42:58 AM,06/10/2019 10:45:18 AM,73.79.166.153,,,,,A1CFMY4CEYOM8Y,,,,,,,,,,,No,I have never thought of taking it.,,,Searching Online,,,,,No,,Online,,,,,Somewhat likely,,,,,,,Dosage,Brand,Price,,Male
10787650227,236726203,06/10/2019 10:41:30 AM,06/10/2019 10:42:43 AM,172.58.30.225,,,,,AGNJKSH5LFKXZ,,,,,,,,,,,No,"I do not feel they are beneficial considering the cost, and I prefer to receive my vitamins through the natural consumption of foods.",,,Searching Online,,,,,No,,Online,,,,,,,,Unlikely,,,,,,Price,,Male
10787648617,236726203,06/10/2019 10:41:13 AM,06/10/2019 10:42:08 AM,73.79.166.153,,,,,A87D3K9YVKTQ7,,,,,,,,,,,No,I never thought about taking them before.,,,,,,Your Doctor,,No,,Online,,,,,Somewhat likely,,,,,,,Dosage,Brand,Price,Female,
10787648480,236726203,06/10/2019 10:41:16 AM,06/10/2019 10:42:05 AM,199.67.51.6,,,,,A356EVHB3TU90R,,,,,,,,,,Yes,,i need them for my eye health,,,,,,Your Doctor,,No,In-store,,,,,,,,Somewhat unlikely,,,,,Dosage,,Price,Female,
10787646758,236726203,06/10/2019 10:40:42 AM,06/10/2019 10:41:29 AM,71.15.41.172,,,,,ACSS93E03ZUGX,,,,,,,,,,Yes,,to maximize my workout,,Social Media,,,,,,No,,Online,,,,,,Neither likely nor unlikely,,,,,,,,Price,Female,
10787645893,236726203,06/10/2019 10:40:27 AM,06/10/2019 10:41:09 AM,24.247.122.11,,,,,A258MR1IS96JEP,,,,,,,,,,,No,don't care,,,,,,Your Doctor,,No,In-store,,,,,,,Neither likely nor unlikely,,,,Organic certification,,,,Price,,Male
10787644873,236726203,06/10/2019 10:36:49 AM,06/10/2019 10:40:48 AM,24.18.153.117,,,,,A2CK0OXMPOR9LE,,,,,,,,,,Yes,,I think they can help me out.,,Social Media,,,,,,No,,Online,,,,,,,Somewhat unlikely,,,Organic certification,,Dosage,Brand,Price,,Male
10787644365,236726203,06/10/2019 10:39:39 AM,06/10/2019 10:40:38 AM,73.174.20.206,,,,,AM2W23THD4CI7,,,,,,,,,,Yes,,For better health,,,,,,Your Doctor,,No,In-store,,,,,,,,Somewhat unlikely,,,,,,,Price,Female,
10787642965,236726203,06/10/2019 10:39:22 AM,06/10/2019 10:40:10 AM,73.167.72.2,,,,,A21HDHQPENLF2X,,,,,,,,,,Yes,,I am genetically disposed to a vitamin deficiency.,,,,,,Your Doctor,,No,,Online,,,,,,Neither likely nor unlikely,,,,Organic certification,,Dosage,Brand,Price,,Male
10787642820,236726203,06/10/2019 10:39:21 AM,06/10/2019 10:40:06 AM,67.149.230.40,,,,,A3J2UG22S8BIW4,,,,,,,,,,,No,I get more of the vitamins and nutrients I need from the food that I eat.,,,Searching Online,,,,,No,,Online,,,,,,,,Unlikely,,,,Dosage,,Price,,Male
10787638447,236726203,06/10/2019 10:37:26 AM,06/10/2019 10:38:33 AM,100.2.231.150,,,,,A2JPOXYZM5AJZZ,,,,,,,,,,,No,there is no real proof that it actually works.,,,Searching Online,,,,,No,,,,I grow my nutrients myself,,,,,,Unlikely,,Organic certification,,,,,,Male
10787637910,236726203,06/10/2019 10:37:32 AM,06/10/2019 10:38:21 AM,170.167.193.34,,,,,AYUREWGFQG5JV,,,,,,,,,,Yes,,I have been encouraged to take a multi vitamin by my doctor.,,,,,,Your Doctor,,No,In-store,,,,,,Somewhat likely,,,,,,,,,Price,Female,
10787635317,236726203,06/10/2019 10:36:10 AM,06/10/2019 10:37:29 AM,47.196.108.221,,,,,A2IUT0610X9CV0,,,,,,,,,,Yes,,Helps me keep vitamins in my body I don't have the healthiest diet,,,Searching Online,,,,,No,,Online,,,,Likely,,,,,,,,,,Price,,Male
10787635282,236726203,06/10/2019 10:36:42 AM,06/10/2019 10:37:23 AM,67.78.179.62,,,,,A1BVQEM4JM0XH3,,,,,,,,,,Yes,,To get as much nutrition as possible,,,Searching Online,,,,,No,,Online,,,,,Somewhat likely,,,,,,,Dosage,Brand,Price,Female,
10787635247,236726203,06/10/2019 10:36:44 AM,06/10/2019 10:37:23 AM,216.81.81.80,,,,,AQ53YJDPDDLZ,,,,,,,,,,Yes,,Cuz my doctor suggested it. ,,,,,,Your Doctor,,No,,Online,,,,,Somewhat likely,,,,,,,,Brand,Price,,Male
10787635205,236726203,06/10/2019 10:36:14 AM,06/10/2019 10:37:23 AM,24.225.103.220,,,,,AUOYNTK0GOFOM,,,,,,,,,,Yes,,I take them because I don't believe in my normal preferred diet I get some of the substances my body needs.,,,Searching Online,,,,,No,,Online,,,,,Somewhat likely,,,,,,,Dosage,Brand,Price,,Male
10787633788,236726203,06/10/2019 10:36:21 AM,06/10/2019 10:36:52 AM,70.177.181.202,,,,,A3UUH3632AI3ZX,,,,,,,,,,Yes,,i don't get a lot of certain vitamins,,,Searching Online,,,,,No,,Online,,,Very likely,,,,,,,Organic certification,,Dosage,Brand,Price,Female,
10787633730,236726203,06/10/2019 10:35:48 AM,06/10/2019 10:36:54 AM,68.81.42.79,,,,,A26ZENZ5G8AEGM,,,,,,,,,,Yes,,to remedy a deficiency in vitamin D,,,Searching Online,,,,,No,In-store,,,,,,,,,,Very unlikely,,,,,Price,Female,
10787632680,236726203,06/10/2019 10:35:18 AM,06/10/2019 10:36:27 AM,73.119.218.69,,,,,A3QSJY1FFN0N6V,,,,,,,,,,,No,I don't take supplements because I've heard that your body doesn't really absorb them like it does when you eat the food with the same nutrients in it and you just pee the nutrients from supplements out.,,,,,Online news,,,No,In-store,,,,,,,,,Unlikely,,,,Dosage,,Price,Female,
10787632186,236726203,06/10/2019 10:35:15 AM,06/10/2019 10:36:16 AM,12.179.54.134,,,,,AFKZZEURTCR8U,,,,,,,,,,Yes,,I take fish oil and a multivitamin as I believe they have a positive benefit for me.,,,Searching Online,,,,,No,,Online,,,,,Somewhat likely,,,,,Organic certification,,,,Price,,Male
10787632150,236726203,06/10/2019 10:35:15 AM,06/10/2019 10:36:16 AM,47.27.112.139,,,,,A8BGHKGBA8O33,,,,,,,,,,,No,I get my nutrients from food instead of pills.,,,Searching Online,,,,,No,,Online,,,,,,,Somewhat unlikely,,,Organic certification,,,Brand,Price,,Male
10787628412,236726203,06/10/2019 10:34:13 AM,06/10/2019 10:34:53 AM,67.253.179.234,,,,,A2LEY4X3LD8G26,,,,,,,,,,Yes,,I think they help me be healthier overall and might make me live longer in the long term,,,,,,Your Doctor,,No,,Online,,,,,,,Somewhat unlikely,,,,,Dosage,,Price,,Male
